Time,Pixel 4259,Pixel 4456,Pixel 5060
11/1/2013 0:00,1369.858536,5595.50203,2583.326504
11/1/2013 1:00,1269.123055,4596.888022,4393.242239
11/1/2013 2:00,1257.780301,3067.096328,5271.07952
11/1/2013 3:00,1244.249487,2311.317958,4038.848988
11/1/2013 4:00,908.371703,2508.547149,2241.505029
11/1/2013 5:00,818.58589,2061.530057,1368.168069
11/1/2013 6:00,793.556067,1984.779905,1065.729073
11/1/2013 7:00,687.914719,2114.82081,1210.699487
11/1/2013 8:00,727.15857,2316.198078,1176.109396
11/1/2013 9:00,801.984605,3384.050487,1534.197694
11/1/2013 10:00,827.748114,3402.03292,2205.008968
11/1/2013 11:00,832.308534,3646.264628,3833.924105
11/1/2013 12:00,1030.838963,3485.3012,4300.956453
11/1/2013 13:00,915.000394,4019.304681,5099.085055
11/1/2013 14:00,709.761494,4361.57172,4803.113407
11/1/2013 15:00,746.897468,3730.453346,5853.025936
11/1/2013 16:00,738.875788,3926.214293,6144.997915
11/1/2013 17:00,823.604576,3829.423745,6786.831002
11/1/2013 18:00,736.221209,4766.610101,5532.726274
11/1/2013 19:00,848.104923,4913.862217,3381.83083
11/1/2013 20:00,908.351504,5444.664412,2056.710249
11/1/2013 21:00,848.800068,5026.600107,2019.618224
11/1/2013 22:00,781.187599,5013.453006,1588.824172
11/1/2013 23:00,892.045516,4766.418144,1318.070715
11/2/2013 0:00,720.739155,4173.121985,1112.968243
11/2/2013 1:00,607.495615,3300.724615,1166.271348
11/2/2013 2:00,526.447489,2614.891616,1036.928885
11/2/2013 3:00,518.033003,1763.929404,1057.920483
11/2/2013 4:00,446.78882,1559.202772,896.031159
11/2/2013 5:00,412.343318,1623.100394,781.571853
11/2/2013 6:00,444.563625,1501.006869,773.245174
11/2/2013 7:00,576.017906,1917.174144,887.495197
11/2/2013 8:00,607.633487,2047.562122,1068.906196
11/2/2013 9:00,954.868071,2575.587941,1634.585009
11/2/2013 10:00,903.156094,3212.305272,2969.779961
11/2/2013 11:00,885.979578,3923.207239,4765.918854
11/2/2013 12:00,883.884272,4330.423936,6544.015253
11/2/2013 13:00,744.814465,4338.665425,6608.976669
11/2/2013 14:00,950.920468,4129.810867,6873.627318
11/2/2013 15:00,1043.96438,3686.274861,7543.832515
11/2/2013 16:00,900.191031,4119.470917,9026.197872
11/2/2013 17:00,875.296836,4141.786609,8485.157495
11/2/2013 18:00,1012.4757,4964.700337,6756.335072
11/2/2013 19:00,1032.167573,4786.57117,5247.676985
11/2/2013 20:00,979.588953,4700.350488,3285.769691
11/2/2013 21:00,936.751504,4734.921099,2216.837626
11/2/2013 22:00,1090.345961,6755.039198,2259.446582
11/2/2013 23:00,1014.043078,5551.887823,1764.630168
11/3/2013 0:00,956.039931,4542.998109,1286.057922
11/3/2013 1:00,1139.31165,3925.91915,1509.91456
11/3/2013 2:00,887.897567,2713.685337,2048.804962
11/3/2013 3:00,813.49121,1959.658335,1465.576047
11/3/2013 4:00,609.642104,1657.035282,1148.722215
11/3/2013 5:00,543.005683,1549.075254,947.407517
11/3/2013 6:00,471.062965,1473.789022,932.997155
11/3/2013 7:00,456.660376,1575.742355,861.010967
11/3/2013 8:00,498.318097,1794.119147,1031.852803
11/3/2013 9:00,665.82564,2473.043211,1416.097476
11/3/2013 10:00,768.490973,2680.776866,2431.489619
11/3/2013 11:00,731.967926,3645.282891,3132.486094
11/3/2013 12:00,849.53918,4308.74084,3862.197964
11/3/2013 13:00,915.42352,4117.526909,4268.03273
11/3/2013 14:00,801.300093,4034.982767,4728.411074
11/3/2013 15:00,885.935905,4311.919237,5193.509137
11/3/2013 16:00,1189.369013,4004.556911,5462.534924
11/3/2013 17:00,1024.92832,4468.66999,6356.23367
11/3/2013 18:00,1228.034408,5364.652823,5743.545406
11/3/2013 19:00,1060.247257,5263.645499,3748.332431
11/3/2013 20:00,1417.623171,5464.689986,1820.923274
11/3/2013 21:00,1161.197287,5524.904658,1581.438156
11/3/2013 22:00,1169.349576,5869.443644,1428.928669
11/3/2013 23:00,1114.499706,4955.910908,1137.479911
11/4/2013 0:00,880.875034,4092.911625,847.950353
11/4/2013 1:00,751.110696,3387.871488,790.813929
11/4/2013 2:00,682.001781,2653.142522,737.321476
11/4/2013 3:00,660.030645,2422.701706,733.931644
11/4/2013 4:00,635.510982,1986.592794,785.19533
11/4/2013 5:00,644.32431,1828.554116,774.207796
11/4/2013 6:00,724.447749,2051.856769,837.318978
11/4/2013 7:00,1192.577835,2709.471693,1364.786662
11/4/2013 8:00,2256.085027,3770.468733,2514.804667
11/4/2013 9:00,2538.695405,4644.434052,3663.433355
11/4/2013 10:00,3397.962319,4172.312054,4293.564298
11/4/2013 11:00,3257.611126,4384.447321,5068.774675
11/4/2013 12:00,4529.29529,4400.27457,5535.476867
11/4/2013 13:00,3856.399482,4548.815655,6562.739391
11/4/2013 14:00,4109.775665,4767.314723,5950.205916
11/4/2013 15:00,3574.204328,4917.23268,5566.248654
11/4/2013 16:00,3881.636597,4841.290115,5382.79535
11/4/2013 17:00,3341.582955,4898.384791,5151.364492
11/4/2013 18:00,3296.055141,4944.504657,4798.454622
11/4/2013 19:00,2468.212792,4808.539238,4511.564447
11/4/2013 20:00,1759.381093,5362.860473,3802.604297
11/4/2013 21:00,1671.360154,5158.49519,3158.889396
11/4/2013 22:00,1532.101535,5427.955244,2765.132029
11/4/2013 23:00,1350.601792,5100.436169,1823.970821
11/5/2013 0:00,1079.542595,4112.726665,1395.355651
11/5/2013 1:00,757.319298,3454.757087,1137.915979
11/5/2013 2:00,686.308509,2694.37349,963.023222
11/5/2013 3:00,648.845157,2218.887949,967.155046
11/5/2013 4:00,654.950159,2041.873669,989.966519
11/5/2013 5:00,692.853521,2047.330106,886.258409
11/5/2013 6:00,744.474726,2388.015548,1074.927906
11/5/2013 7:00,1464.846554,3884.084152,1675.20501
11/5/2013 8:00,2149.486548,5064.228335,2922.104964
11/5/2013 9:00,2873.612479,4418.371964,4153.684914
11/5/2013 10:00,3305.563585,4763.930319,5136.672789
11/5/2013 11:00,3651.953909,5147.269203,5701.3178
11/5/2013 12:00,4134.389495,5173.616508,6178.185439
11/5/2013 13:00,3652.665132,5494.843283,7552.60819
11/5/2013 14:00,4129.703122,5217.938151,6399.272493
11/5/2013 15:00,3541.717883,4939.921475,5287.800252
11/5/2013 16:00,3949.988296,5017.066865,5310.411076
11/5/2013 17:00,4028.836317,5172.875904,5034.813114
11/5/2013 18:00,3418.688487,5090.068818,4900.197261
11/5/2013 19:00,2282.788099,5610.370797,4444.089603
11/5/2013 20:00,1956.163342,5723.628816,3248.979587
11/5/2013 21:00,2025.935302,6405.087203,2246.090891
11/5/2013 22:00,1580.678387,6133.567112,1968.904038
11/5/2013 23:00,1278.663029,5167.5181,1678.42474
11/6/2013 0:00,1140.427922,4392.435392,1307.141713
11/6/2013 1:00,866.293445,3461.917355,1047.965202
11/6/2013 2:00,807.299561,2673.227841,986.617344
11/6/2013 3:00,792.972536,2385.204067,990.068703
11/6/2013 4:00,692.004862,2067.275238,966.602591
11/6/2013 5:00,661.492881,2126.226443,878.063644
11/6/2013 6:00,709.337779,2292.874455,909.038622
11/6/2013 7:00,1127.690791,3231.964286,1266.71343
11/6/2013 8:00,2364.992191,4270.905835,2587.667911
11/6/2013 9:00,3074.6349,5377.831016,3545.288367
11/6/2013 10:00,4156.795327,6868.755598,4237.898957
11/6/2013 11:00,3967.469994,7092.583096,5166.743238
11/6/2013 12:00,4601.372566,5096.402359,5949.947178
11/6/2013 13:00,4688.597111,5089.301846,7501.276578
11/6/2013 14:00,4562.554395,4917.264071,6437.759275
11/6/2013 15:00,4252.458821,5031.314216,5464.921015
11/6/2013 16:00,4341.962133,4955.54254,5612.262936
11/6/2013 17:00,3774.874317,4654.2499,5326.929782
11/6/2013 18:00,3264.306967,5266.369713,4810.631189
11/6/2013 19:00,2648.73382,5347.334294,3972.367155
11/6/2013 20:00,2530.020139,5733.495481,2858.836001
11/6/2013 21:00,1718.212661,6451.749327,2303.410345
11/6/2013 22:00,1600.912145,7125.603442,2329.590009
11/6/2013 23:00,1240.850194,6134.823238,1633.176712
11/7/2013 0:00,1144.106854,4641.594514,1331.825299
11/7/2013 1:00,1048.810829,3547.379412,1127.070196
11/7/2013 2:00,920.920535,2697.784528,1821.759453
11/7/2013 3:00,817.532745,2328.931043,982.439491
11/7/2013 4:00,827.182941,2130.688927,929.088639
11/7/2013 5:00,736.565318,2100.817215,839.671609
11/7/2013 6:00,763.333758,2311.405938,890.052302
11/7/2013 7:00,1242.848579,3284.478565,1304.590553
11/7/2013 8:00,2440.637102,4822.026595,2509.797485
11/7/2013 9:00,3190.544082,5034.705693,3781.284145
11/7/2013 10:00,3701.988696,5118.911354,5035.674055
11/7/2013 11:00,3560.498727,4654.946785,5286.959555
11/7/2013 12:00,4436.699162,5075.379118,5800.805169
11/7/2013 13:00,4436.411766,5279.341262,7100.277976
11/7/2013 14:00,4577.5023,5010.030762,6420.336316
11/7/2013 15:00,4581.293318,4582.135908,5675.703549
11/7/2013 16:00,4108.630249,4671.54233,5880.749275
11/7/2013 17:00,3750.886911,5268.505147,5258.076055
11/7/2013 18:00,3585.878555,5192.289571,4979.101955
11/7/2013 19:00,2852.676854,5361.076348,4827.440562
11/7/2013 20:00,2150.074676,5367.343035,3885.469017
11/7/2013 21:00,1697.637943,5593.55798,3271.121051
11/7/2013 22:00,1527.982981,6059.519025,3104.443107
11/7/2013 23:00,1248.214828,5851.600889,2301.417985
11/8/2013 0:00,1183.934672,4689.887684,1733.046068
11/8/2013 1:00,935.748532,3934.452718,1411.648203
11/8/2013 2:00,841.979423,2902.520333,1141.288865
11/8/2013 3:00,810.146712,2614.028237,1086.937967
11/8/2013 4:00,750.352704,2025.886175,1029.073685
11/8/2013 5:00,764.212183,2047.347827,1076.803096
11/8/2013 6:00,790.925252,2267.779499,1008.251937
11/8/2013 7:00,1311.936637,3212.657814,1467.651556
11/8/2013 8:00,2292.158899,4689.364446,3030.251105
11/8/2013 9:00,2970.842793,4731.213673,4105.566974
11/8/2013 10:00,3754.706296,4514.870376,5270.243876
11/8/2013 11:00,3671.265561,5129.58802,5426.918594
11/8/2013 12:00,4105.187291,5861.712867,6019.181505
11/8/2013 13:00,4435.20054,5453.838415,6570.286576
11/8/2013 14:00,3761.579759,5614.439734,6758.140243
11/8/2013 15:00,3316.754716,5536.546976,6137.742878
11/8/2013 16:00,3344.988646,4916.12402,5861.900393
11/8/2013 17:00,3056.298836,5013.60715,5188.591898
11/8/2013 18:00,2264.850203,5325.971533,4527.214669
11/8/2013 19:00,2098.174625,5863.962481,3497.680098
11/8/2013 20:00,1862.75566,5902.560022,2273.929337
11/8/2013 21:00,1562.36272,6583.365988,1675.030324
11/8/2013 22:00,1355.453157,6580.809298,1993.665631
11/8/2013 23:00,1278.629758,5708.969438,1472.119897
11/9/2013 0:00,1452.058835,5285.585571,1469.397099
11/9/2013 1:00,1251.411254,4149.193823,2567.896381
11/9/2013 2:00,959.968031,3248.300873,4566.503687
11/9/2013 3:00,805.623608,2473.679292,3740.485066
11/9/2013 4:00,735.960231,2356.458404,1785.715212
11/9/2013 5:00,719.897005,2092.740803,1089.879501
11/9/2013 6:00,699.452132,2165.976717,826.847558
11/9/2013 7:00,793.390787,2457.329556,953.052186
11/9/2013 8:00,1185.661799,2960.60219,1373.881237
11/9/2013 9:00,1401.604924,4407.93044,1952.056473
11/9/2013 10:00,1459.565121,5390.474006,2743.14065
11/9/2013 11:00,1994.34121,5729.843019,4238.776744
11/9/2013 12:00,2310.074565,5095.265259,4577.253227
11/9/2013 13:00,2108.55264,5655.099457,5321.44921
11/9/2013 14:00,1794.615293,5579.482464,5288.905057
11/9/2013 15:00,1833.077795,5323.284964,5081.035129
11/9/2013 16:00,1935.311783,4879.544386,6449.726326
11/9/2013 17:00,1987.517228,5604.916833,6712.005362
11/9/2013 18:00,1822.804343,6105.643722,6038.683748
11/9/2013 19:00,1511.363778,6025.159539,5372.809098
11/9/2013 20:00,1690.533805,6068.259968,3393.547792
11/9/2013 21:00,1374.800396,6537.231397,2827.454726
11/9/2013 22:00,1543.294096,6578.269414,2888.471039
11/9/2013 23:00,1437.724052,6166.228692,2640.237746
11/10/2013 0:00,1490.749579,5729.824533,2269.77308
11/10/2013 1:00,1467.714878,5531.68394,3174.268913
11/10/2013 2:00,1206.911194,3408.330344,4181.356301
11/10/2013 3:00,1108.457127,2415.178181,3497.805057
11/10/2013 4:00,822.830994,2038.60682,2061.533396
11/10/2013 5:00,743.156547,1802.882639,1001.548933
11/10/2013 6:00,684.523805,1712.331696,921.344669
11/10/2013 7:00,761.126774,1914.531828,898.920929
11/10/2013 8:00,921.38225,2469.433449,1098.529723
11/10/2013 9:00,968.705359,4013.141798,1288.657713
11/10/2013 10:00,1285.490799,4172.09277,2451.253782
11/10/2013 11:00,1380.627727,4200.495161,3569.224589
11/10/2013 12:00,1143.9414,4739.138331,4334.669717
11/10/2013 13:00,1256.985841,5474.993324,4743.832973
11/10/2013 14:00,1251.636441,5192.564236,4516.39806
11/10/2013 15:00,1311.992549,5400.405151,4986.519692
11/10/2013 16:00,1419.391595,4708.202464,6352.573812
11/10/2013 17:00,1413.944713,5014.080303,5649.0953
11/10/2013 18:00,1492.661316,5154.872672,5205.821785
11/10/2013 19:00,1501.347611,5612.921208,3328.580995
11/10/2013 20:00,1299.59754,5817.18505,2024.631785
11/10/2013 21:00,1291.483906,6235.400966,1488.97434
11/10/2013 22:00,1499.763678,6708.17007,1368.184184
11/10/2013 23:00,1229.834886,5879.56828,1004.179396
11/11/2013 0:00,1084.561575,4148.505053,958.873704
11/11/2013 1:00,883.416537,3221.042212,772.1045
11/11/2013 2:00,821.537352,2594.328397,707.163475
11/11/2013 3:00,715.738122,2155.274455,812.235192
11/11/2013 4:00,706.318724,1996.477872,703.398726
11/11/2013 5:00,751.95161,1852.349426,718.292933
11/11/2013 6:00,781.771673,2051.213401,807.609321
11/11/2013 7:00,1099.535272,3100.137411,1352.758517
11/11/2013 8:00,2054.184931,5054.124546,2462.267228
11/11/2013 9:00,2735.215798,4411.753299,3648.094961
11/11/2013 10:00,3768.127542,4404.346439,4481.648636
11/11/2013 11:00,3619.68665,4610.046622,5285.751954
11/11/2013 12:00,4685.934673,4499.244871,5908.947165
11/11/2013 13:00,4217.573949,5292.631363,7108.276834
11/11/2013 14:00,4555.827083,4791.534091,6591.636863
11/11/2013 15:00,3699.25172,4858.763366,6314.07504
11/11/2013 16:00,4290.534946,4694.157281,5220.1727
11/11/2013 17:00,3820.872473,4894.971387,5337.696028
11/11/2013 18:00,3408.470895,5076.883696,4827.949597
11/11/2013 19:00,3142.250572,5101.005232,3956.194404
11/11/2013 20:00,2110.808186,5278.342647,3091.393428
11/11/2013 21:00,1693.577572,5340.116811,2388.063599
11/11/2013 22:00,1662.530585,5625.088076,1579.616017
11/11/2013 23:00,1537.421429,5300.506108,1283.297693
11/12/2013 0:00,1387.795798,4278.143303,1566.037524
11/12/2013 1:00,905.688095,3855.97156,1042.467111
11/12/2013 2:00,766.362162,3047.862228,919.263062
11/12/2013 3:00,735.180088,2558.648025,844.282839
11/12/2013 4:00,733.357974,2235.308749,867.507364
11/12/2013 5:00,691.194806,2187.688054,796.25208
11/12/2013 6:00,741.882062,2216.649059,839.968576
11/12/2013 7:00,1190.491448,3106.749854,1248.317759
11/12/2013 8:00,2332.495502,4708.401078,2340.982315
11/12/2013 9:00,3386.925861,4765.253249,4286.106138
11/12/2013 10:00,4405.824083,4820.856433,5026.68881
11/12/2013 11:00,4373.66561,4770.364071,5484.603958
11/12/2013 12:00,4603.989696,4933.212389,6398.518531
11/12/2013 13:00,4502.440459,5356.068931,7666.840499
11/12/2013 14:00,4703.833322,5932.17311,6934.802554
11/12/2013 15:00,4347.351245,5164.420323,6153.688556
11/12/2013 16:00,4651.646054,4991.327061,5895.928366
11/12/2013 17:00,4346.019604,5105.021869,5197.178704
11/12/2013 18:00,4097.076885,5148.961809,4673.492188
11/12/2013 19:00,3348.663189,5514.373205,3822.51974
11/12/2013 20:00,2707.445468,6316.892045,3172.218134
11/12/2013 21:00,1661.092246,5694.441062,2318.89855
11/12/2013 22:00,1546.228377,6250.2081,2058.584303
11/12/2013 23:00,1387.628204,5899.449905,1546.401966
11/13/2013 0:00,1084.093955,4465.022393,1099.399412
11/13/2013 1:00,883.593864,3416.796269,976.840701
11/13/2013 2:00,1000.409603,2833.806687,902.702211
11/13/2013 3:00,755.749157,2289.641762,808.649122
11/13/2013 4:00,722.626692,2123.017607,775.926159
11/13/2013 5:00,710.688119,2044.029041,798.72317
11/13/2013 6:00,779.277799,2276.458482,851.865357
11/13/2013 7:00,1130.261596,3171.671764,1451.353904
11/13/2013 8:00,2584.464475,4989.230884,2613.359946
11/13/2013 9:00,3377.111245,4764.971272,3510.822655
11/13/2013 10:00,4361.496744,4641.787672,4718.49547
11/13/2013 11:00,3731.777688,4653.277689,5824.331859
11/13/2013 12:00,4868.777867,4959.36386,6569.77365
11/13/2013 13:00,4708.001803,5367.812869,7313.454962
11/13/2013 14:00,4429.176852,4404.630083,6748.537372
11/13/2013 15:00,4223.386854,4622.111693,5926.867276
11/13/2013 16:00,4289.292553,4901.363228,5690.743142
11/13/2013 17:00,3854.869269,4916.217533,5542.701395
11/13/2013 18:00,3234.193099,4421.769328,4885.702427
11/13/2013 19:00,2990.072529,4781.261558,4043.102906
11/13/2013 20:00,2068.809737,5809.446021,4383.829556
11/13/2013 21:00,1867.807771,5508.690354,2648.887728
11/13/2013 22:00,1712.096587,5434.295809,2264.588021
11/13/2013 23:00,1380.077469,5663.510164,1457.041428
11/14/2013 0:00,1205.262396,4569.004645,1181.791597
11/14/2013 1:00,1587.415224,3437.456753,1038.996653
11/14/2013 2:00,960.644825,2745.726638,945.067644
11/14/2013 3:00,818.329137,2321.809171,929.715448
11/14/2013 4:00,806.851187,2106.281779,885.685628
11/14/2013 5:00,943.939512,1991.114124,836.466259
11/14/2013 6:00,740.865757,2196.268965,902.069355
11/14/2013 7:00,1107.280728,2947.496157,1336.069807
11/14/2013 8:00,2174.635534,4747.010291,2459.041708
11/14/2013 9:00,3103.479625,4555.038096,4146.635867
11/14/2013 10:00,3919.862148,4342.29469,5367.794665
11/14/2013 11:00,3567.400008,4796.533785,6276.295972
11/14/2013 12:00,5092.771473,4740.425245,6842.003721
11/14/2013 13:00,4533.289664,5237.762188,7878.303665
11/14/2013 14:00,4697.796163,4479.040324,6993.803357
11/14/2013 15:00,3762.512247,5192.793209,6178.610152
11/14/2013 16:00,4245.051704,4744.006048,5692.079815
11/14/2013 17:00,4221.686593,4916.83479,5459.835037
11/14/2013 18:00,3388.497029,4723.243895,4912.266964
11/14/2013 19:00,3044.697172,5468.53797,5278.759575
11/14/2013 20:00,2113.329282,5702.685298,3330.630095
11/14/2013 21:00,2083.433592,6410.789094,2812.948634
11/14/2013 22:00,2061.145493,5827.950784,2355.249659
11/14/2013 23:00,1749.781431,5210.738443,1885.197479
11/15/2013 0:00,1175.529339,4880.961096,1359.334806
11/15/2013 1:00,816.250606,4095.280507,1256.633683
11/15/2013 2:00,770.274549,2984.2465,1108.600086
11/15/2013 3:00,744.059678,2527.995199,1006.951766
11/15/2013 4:00,687.572811,2119.657411,1030.310961
11/15/2013 5:00,673.888923,2048.832325,915.532267
11/15/2013 6:00,783.646105,2160.23602,952.213543
11/15/2013 7:00,1162.563778,3437.762134,1462.066346
11/15/2013 8:00,2317.273105,4439.011783,2640.085907
11/15/2013 9:00,2939.52935,5139.392625,4346.867958
11/15/2013 10:00,3570.210973,4425.708482,4771.873159
11/15/2013 11:00,3510.818153,4951.064323,5801.365122
11/15/2013 12:00,4090.599712,4905.188201,6606.040787
11/15/2013 13:00,4182.397249,4432.798096,7569.908453
11/15/2013 14:00,3833.97254,5125.872159,6574.179098
11/15/2013 15:00,3275.809259,4609.357567,5666.445275
11/15/2013 16:00,3281.890625,5039.360457,5076.302849
11/15/2013 17:00,3253.032127,4505.123492,4959.06028
11/15/2013 18:00,2730.995153,4700.735726,4307.838056
11/15/2013 19:00,2151.536802,5022.709617,3603.367132
11/15/2013 20:00,1635.122945,5060.761512,2887.198048
11/15/2013 21:00,1726.900603,5863.556673,2138.409494
11/15/2013 22:00,1674.311888,5618.093743,1951.885346
11/15/2013 23:00,1440.943721,5858.670605,1801.888443
11/16/2013 0:00,1162.361454,4885.316486,1718.457534
11/16/2013 1:00,999.050777,3954.376787,2319.655967
11/16/2013 2:00,785.674653,3394.049291,3209.311597
11/16/2013 3:00,700.058128,2476.757054,3315.709551
11/16/2013 4:00,637.152667,2375.200018,2153.998163
11/16/2013 5:00,643.379378,2012.968783,1124.185331
11/16/2013 6:00,594.939975,2145.609914,942.977551
11/16/2013 7:00,745.901635,2672.435561,1051.775137
11/16/2013 8:00,989.753783,3043.80851,1280.642071
11/16/2013 9:00,1082.907915,3442.386194,1673.999046
11/16/2013 10:00,1565.726688,4287.088397,2653.902595
11/16/2013 11:00,1706.005245,5048.210062,3841.403699
11/16/2013 12:00,1706.897916,5228.966278,4720.959507
11/16/2013 13:00,1892.514378,4579.371287,5016.606456
11/16/2013 14:00,2003.937193,5110.141407,4959.145118
11/16/2013 15:00,1809.523066,5357.627856,5697.802185
11/16/2013 16:00,1965.053234,5202.111166,6696.76102
11/16/2013 17:00,2079.994243,5179.770898,6283.797161
11/16/2013 18:00,1798.398736,5688.308047,5475.840773
11/16/2013 19:00,1300.922859,6081.317644,4143.116775
11/16/2013 20:00,1209.339969,6335.556619,2962.124713
11/16/2013 21:00,1422.887701,6159.756649,2604.976598
11/16/2013 22:00,1201.77768,6756.386139,2155.85673
11/16/2013 23:00,1311.655447,6817.290475,2142.997264
11/17/2013 0:00,1214.900989,5344.110497,1695.266446
11/17/2013 1:00,1363.686884,4411.891617,1844.451817
11/17/2013 2:00,1298.107593,3265.055355,2321.814174
11/17/2013 3:00,1235.981477,2543.661358,2246.518675
11/17/2013 4:00,1061.090622,2146.236061,1494.21894
11/17/2013 5:00,733.562512,1913.412489,953.820171
11/17/2013 6:00,642.182741,1713.387835,862.302541
11/17/2013 7:00,516.537108,1806.465393,890.901752
11/17/2013 8:00,656.227318,2165.995307,981.38392
11/17/2013 9:00,673.314013,2881.817476,1263.367708
11/17/2013 10:00,832.221201,3452.081879,2041.794792
11/17/2013 11:00,998.002566,4350.652248,3431.508347
11/17/2013 12:00,1234.605711,4686.867416,3700.518378
11/17/2013 13:00,1007.377066,5097.120329,3894.819161
11/17/2013 14:00,970.507127,6277.686085,4339.690675
11/17/2013 15:00,1055.818497,6201.779903,4495.69189
11/17/2013 16:00,1053.097687,5294.713463,5116.649362
11/17/2013 17:00,967.966306,4599.179031,5261.542273
11/17/2013 18:00,1082.136954,5116.842533,4413.241083
11/17/2013 19:00,1229.554176,5512.669176,3113.11125
11/17/2013 20:00,1126.913413,5293.352064,1822.144241
11/17/2013 21:00,1159.689115,5161.693622,1492.566829
11/17/2013 22:00,1212.785005,5658.439305,1118.156218
11/17/2013 23:00,1145.511095,4843.248744,1150.850032
11/18/2013 0:00,1027.159714,4134.213972,1007.140888
11/18/2013 1:00,709.702598,2795.727194,937.048803
11/18/2013 2:00,582.967329,2513.448884,834.97338
11/18/2013 3:00,560.307709,2796.885494,796.593242
11/18/2013 4:00,548.122622,2149.857858,771.129029
11/18/2013 5:00,567.993046,1848.723405,784.454312
11/18/2013 6:00,602.339816,2630.150741,860.100145
11/18/2013 7:00,976.204218,2799.407399,1302.494914
11/18/2013 8:00,1916.778105,3926.288236,2548.844126
11/18/2013 9:00,2896.786128,4441.999202,3990.853186
11/18/2013 10:00,3812.460752,4222.964021,4547.926284
11/18/2013 11:00,4046.792832,4667.801868,5483.366767
11/18/2013 12:00,4343.981188,4921.520742,6319.106124
11/18/2013 13:00,4147.885784,5292.302344,7329.340655
11/18/2013 14:00,4860.862555,4582.999364,6785.724799
11/18/2013 15:00,3916.551927,4516.720209,6113.220476
11/18/2013 16:00,4454.997224,4872.59503,6015.29087
11/18/2013 17:00,4115.645048,4887.642286,5194.279182
11/18/2013 18:00,3570.774564,4805.4771,4678.419705
11/18/2013 19:00,2727.956498,4974.3164,3997.093296
11/18/2013 20:00,2237.309272,5140.022115,3292.461099
11/18/2013 21:00,1727.630866,5721.331227,2678.126071
11/18/2013 22:00,1529.655601,5740.57811,2088.813238
11/18/2013 23:00,1201.587035,5237.677432,1486.798901
11/19/2013 0:00,1008.886521,4365.186482,1260.480617
11/19/2013 1:00,779.281613,3615.865899,1097.528359
11/19/2013 2:00,714.680257,3302.072095,1015.895565
11/19/2013 3:00,655.338859,2740.527534,995.335087
11/19/2013 4:00,599.360829,2187.491327,957.819216
11/19/2013 5:00,610.597619,2007.817352,967.994563
11/19/2013 6:00,701.4996,2071.125149,973.535092
11/19/2013 7:00,1052.850737,3228.718234,1433.222407
11/19/2013 8:00,2083.467339,4306.821425,2613.742216
11/19/2013 9:00,2973.861127,4739.938004,4420.54486
11/19/2013 10:00,4276.658762,4636.625649,4862.106443
11/19/2013 11:00,4301.964421,5286.639903,5434.479024
11/19/2013 12:00,5381.132978,5428.489382,5840.798957
11/19/2013 13:00,5223.979083,5233.669294,7084.072607
11/19/2013 14:00,4492.299022,4952.814958,7001.024811
11/19/2013 15:00,3917.227443,5101.449153,5962.318777
11/19/2013 16:00,4506.919915,4875.119219,6000.169261
11/19/2013 17:00,4471.532391,5073.789213,5092.225816
11/19/2013 18:00,3438.373711,4854.380444,4911.467105
11/19/2013 19:00,3142.475518,4767.568019,4078.68093
11/19/2013 20:00,2090.891845,5229.832456,3321.034545
11/19/2013 21:00,1648.064306,5772.019076,2798.459966
11/19/2013 22:00,1488.413623,5713.030796,2122.869336
11/19/2013 23:00,1494.247586,5482.571042,1837.225897
11/20/2013 0:00,1030.014301,5026.323507,1464.443615
11/20/2013 1:00,815.742315,3949.836785,1287.230445
11/20/2013 2:00,669.294102,3082.884778,1212.877914
11/20/2013 3:00,624.420583,2616.657239,1148.2762
11/20/2013 4:00,662.822123,2803.566226,1138.668025
11/20/2013 5:00,620.122312,2674.60645,1070.708111
11/20/2013 6:00,688.77078,2633.673175,1121.750883
11/20/2013 7:00,1119.472815,3256.175584,1655.598225
11/20/2013 8:00,2149.504496,4665.911224,3008.332133
11/20/2013 9:00,2966.167654,5382.720055,4363.15338
11/20/2013 10:00,4279.084544,4932.34047,5760.44781
11/20/2013 11:00,3926.958517,4868.542504,6170.736307
11/20/2013 12:00,4937.575926,5151.890773,7325.738371
11/20/2013 13:00,4430.65242,5214.677166,9197.693504
11/20/2013 14:00,4505.218451,5245.401061,7803.902143
11/20/2013 15:00,3820.354222,4553.399453,6372.172084
11/20/2013 16:00,4168.229308,4697.368773,6040.937674
11/20/2013 17:00,3803.531887,4825.828609,5451.906678
11/20/2013 18:00,3699.071022,4904.43624,4453.365213
11/20/2013 19:00,3057.079761,5246.090717,4206.906327
11/20/2013 20:00,2420.912766,6274.954302,3332.854655
11/20/2013 21:00,1997.258437,5988.403013,2513.604878
11/20/2013 22:00,2033.849891,5764.267539,2071.682784
11/20/2013 23:00,1677.141307,5564.710067,1671.606681
11/21/2013 0:00,1408.97483,4462.206603,1359.469338
11/21/2013 1:00,917.861253,3488.059845,1102.809616
11/21/2013 2:00,732.891372,2901.698653,1018.689317
11/21/2013 3:00,705.445861,2607.928669,1009.119798
11/21/2013 4:00,641.172971,2273.113731,1026.198352
11/21/2013 5:00,633.313448,2135.341753,886.510779
11/21/2013 6:00,715.55975,2292.817275,984.392745
11/21/2013 7:00,1265.950477,3167.942111,1647.134553
11/21/2013 8:00,2314.453234,4410.741491,3020.758076
11/21/2013 9:00,3123.689115,4773.319046,4904.489597
11/21/2013 10:00,3784.027651,4736.696424,5843.571565
11/21/2013 11:00,3914.923073,4821.597945,6153.583764
11/21/2013 12:00,4807.983629,4854.697452,7217.084821
11/21/2013 13:00,4535.03823,5004.526034,8159.699003
11/21/2013 14:00,4718.355715,4544.142749,7427.928953
11/21/2013 15:00,4532.45462,4853.16374,6183.897073
11/21/2013 16:00,4787.184133,4454.238482,5961.693932
11/21/2013 17:00,4269.432755,4602.444109,5014.979554
11/21/2013 18:00,3707.489469,5795.985315,5106.144015
11/21/2013 19:00,3399.120629,5776.825066,4393.664724
11/21/2013 20:00,2431.916583,5556.519495,3892.174831
11/21/2013 21:00,1779.849332,6048.705729,3276.852302
11/21/2013 22:00,1632.080915,6225.793415,2667.635922
11/21/2013 23:00,1400.326254,6249.881438,2605.33939
11/22/2013 0:00,1123.948008,4904.355272,1799.092516
11/22/2013 1:00,951.740806,4414.480169,1493.438111
11/22/2013 2:00,748.377524,3257.042854,1079.099801
11/22/2013 3:00,734.980927,2647.607483,1046.802842
11/22/2013 4:00,690.432132,2526.608238,1062.792285
11/22/2013 5:00,698.292002,2553.248605,893.434859
11/22/2013 6:00,761.057518,2663.035282,995.735936
11/22/2013 7:00,1178.591514,3587.151654,1660.839098
11/22/2013 8:00,2146.34779,5226.731158,2652.066655
11/22/2013 9:00,3253.68427,5343.360729,3958.807777
11/22/2013 10:00,3981.189325,4769.138586,5261.70247
11/22/2013 11:00,3702.107007,5259.746543,6857.986876
11/22/2013 12:00,4449.610899,4810.603639,6501.30666
11/22/2013 13:00,4682.070974,5508.536764,7785.401373
11/22/2013 14:00,4512.242838,5028.402445,7344.401632
11/22/2013 15:00,3860.206445,4684.503852,6718.61465
11/22/2013 16:00,3823.578803,5245.49559,6378.330159
11/22/2013 17:00,2985.98262,5100.442964,5882.441007
11/22/2013 18:00,2479.603516,5136.684821,5347.618646
11/22/2013 19:00,2140.322689,5956.543301,4731.643044
11/22/2013 20:00,1740.094951,6274.660752,3087.839335
11/22/2013 21:00,1548.817537,6255.148563,2868.85606
11/22/2013 22:00,1340.416104,6412.765884,2897.927992
11/22/2013 23:00,1326.88553,6638.276011,2737.18652
11/23/2013 0:00,1149.233087,5963.737581,2890.527635
11/23/2013 1:00,992.107005,4723.83805,5183.648721
11/23/2013 2:00,763.622493,3395.138705,6695.875187
11/23/2013 3:00,697.975666,2934.428183,5460.861631
11/23/2013 4:00,721.029831,2358.074504,2888.928049
11/23/2013 5:00,671.473244,2351.406157,1300.574418
11/23/2013 6:00,759.672579,2288.121791,954.02813
11/23/2013 7:00,775.053297,2589.652286,1160.586377
11/23/2013 8:00,1311.669153,3234.032029,1303.699594
11/23/2013 9:00,2355.709219,4355.576921,1930.060172
11/23/2013 10:00,2953.779509,4519.04927,3022.195841
11/23/2013 11:00,3196.234027,5571.921643,4079.888548
11/23/2013 12:00,3692.376521,5384.633865,5112.885801
11/23/2013 13:00,2793.594055,5539.940628,5666.875742
11/23/2013 14:00,2380.110397,5544.999974,5652.758116
11/23/2013 15:00,2245.610048,5704.95805,5918.955593
11/23/2013 16:00,1967.901206,6075.930301,7314.614302
11/23/2013 17:00,1968.603686,6659.176643,7188.265585
11/23/2013 18:00,1929.355926,6322.870725,6050.937487
11/23/2013 19:00,1512.493911,6466.040524,5310.127491
11/23/2013 20:00,1539.419059,6785.610666,3475.831795
11/23/2013 21:00,1344.243857,6955.939134,3947.523864
11/23/2013 22:00,1294.672419,6620.445843,2959.651846
11/23/2013 23:00,1397.81338,6732.850704,3311.906149
11/24/2013 0:00,1251.995723,6311.68799,3154.009906
11/24/2013 1:00,1258.605308,5299.207842,3889.759527
11/24/2013 2:00,1028.302732,3565.861704,4531.955393
11/24/2013 3:00,822.599613,3201.250244,3814.733779
11/24/2013 4:00,774.263347,2471.4291,2426.884167
11/24/2013 5:00,819.817399,2254.835908,1240.032779
11/24/2013 6:00,752.196187,2127.729501,873.431333
11/24/2013 7:00,711.008278,2231.097696,983.586978
11/24/2013 8:00,742.359088,2406.822955,1075.480562
11/24/2013 9:00,893.60936,3184.353525,1400.985615
11/24/2013 10:00,993.463647,4030.265477,2521.726554
11/24/2013 11:00,993.988255,4347.344552,3624.433354
11/24/2013 12:00,1114.460853,5268.545224,4325.874119
11/24/2013 13:00,1052.528984,5582.142017,4822.506892
11/24/2013 14:00,1196.848326,6505.952992,5816.159381
11/24/2013 15:00,1290.460044,5947.944144,5964.886124
11/24/2013 16:00,1364.673884,6012.566347,7434.797243
11/24/2013 17:00,1249.295276,5546.941794,7106.867242
11/24/2013 18:00,1152.432625,6066.226919,6450.702725
11/24/2013 19:00,1342.327289,5566.041996,3722.729237
11/24/2013 20:00,1267.175042,6359.428801,2360.105197
11/24/2013 21:00,1433.62517,6499.522952,1847.195336
11/24/2013 22:00,1479.943359,7090.628573,2263.713934
11/24/2013 23:00,1190.937467,5904.646651,2138.726296
11/25/2013 0:00,953.080407,4834.319164,1593.141424
11/25/2013 1:00,868.595395,3698.851558,1168.722543
11/25/2013 2:00,756.375387,2942.283943,827.587651
11/25/2013 3:00,683.689598,2416.102845,834.284694
11/25/2013 4:00,648.088129,2326.332855,815.13356
11/25/2013 5:00,666.832278,1988.907628,784.384101
11/25/2013 6:00,770.160648,2191.913979,874.594729
11/25/2013 7:00,1025.864921,2963.138204,1356.201563
11/25/2013 8:00,1920.216984,4205.030309,2214.945553
11/25/2013 9:00,3170.266089,4361.691723,3458.043664
11/25/2013 10:00,3814.333639,4343.897547,4217.28823
11/25/2013 11:00,4013.304205,4364.400493,4787.031951
11/25/2013 12:00,4205.673865,4785.083956,5496.018159
11/25/2013 13:00,4160.958214,4653.569038,6637.571195
11/25/2013 14:00,4607.124695,4680.697768,5840.561655
11/25/2013 15:00,4524.229531,4784.641469,5383.854083
11/25/2013 16:00,4428.990937,4526.693596,5319.780689
11/25/2013 17:00,4218.510749,4472.012078,5053.567476
11/25/2013 18:00,3630.307886,4763.74488,4478.965733
11/25/2013 19:00,2948.533856,4909.38573,3951.648466
11/25/2013 20:00,2155.574512,5571.228498,3410.097126
11/25/2013 21:00,1876.192766,5870.412127,2470.598368
11/25/2013 22:00,1730.353845,5930.10874,1687.036779
11/25/2013 23:00,1210.854842,5364.501493,1338.168809
11/26/2013 0:00,1064.054147,4465.784439,1038.09891
11/26/2013 1:00,895.929054,3572.629191,961.284949
11/26/2013 2:00,780.53447,2874.302172,891.362372
11/26/2013 3:00,743.130882,2684.936534,876.315102
11/26/2013 4:00,710.985415,2609.86423,942.053773
11/26/2013 5:00,687.472428,2471.640675,919.801028
11/26/2013 6:00,764.35425,2526.256066,974.632715
11/26/2013 7:00,1135.069619,3251.468203,1395.814911
11/26/2013 8:00,2146.761914,4380.88079,2590.185633
11/26/2013 9:00,3079.857936,4916.337329,3729.296996
11/26/2013 10:00,3962.830495,4285.356361,4539.669297
11/26/2013 11:00,4519.345117,5061.64515,5191.187105
11/26/2013 12:00,5269.484526,4671.947927,6248.887498
11/26/2013 13:00,5024.130302,4584.723504,7321.559003
11/26/2013 14:00,5257.911738,4908.817076,7337.199174
11/26/2013 15:00,4443.415698,4986.511661,6021.694961
11/26/2013 16:00,4522.679109,5498.484105,6020.039924
11/26/2013 17:00,3800.747609,4765.327079,5189.282991
11/26/2013 18:00,3455.158277,5109.878628,4812.211089
11/26/2013 19:00,2927.759733,5256.897642,4200.966177
11/26/2013 20:00,2067.741165,5684.517662,3023.684702
11/26/2013 21:00,1726.104192,6256.851871,2568.799887
11/26/2013 22:00,1460.586943,5939.070674,1791.605487
11/26/2013 23:00,1317.945197,5736.990796,1336.449303
11/27/2013 0:00,923.540801,4447.749638,1084.386326
11/27/2013 1:00,896.55257,4069.777943,999.10397
11/27/2013 2:00,675.637684,2898.908808,981.748632
11/27/2013 3:00,624.12269,2365.67912,852.756968
11/27/2013 4:00,606.188642,2275.292115,833.655126
11/27/2013 5:00,599.868466,2042.717621,831.158165
11/27/2013 6:00,648.75693,2360.364476,846.101925
11/27/2013 7:00,1000.047614,3079.746244,1185.681323
11/27/2013 8:00,2409.507094,5489.331621,2338.036725
11/27/2013 9:00,3342.83611,5216.559519,3405.074329
11/27/2013 10:00,4303.129773,4666.528839,4252.700955
11/27/2013 11:00,2357.897757,5674.560964,5417.745388
11/27/2013 12:00,4020.496729,4706.082635,5230.856584
11/27/2013 13:00,4453.902388,5264.199268,6687.031663
11/27/2013 14:00,4540.67079,4808.102086,6907.39113
11/27/2013 15:00,4764.177033,4573.773054,6211.994551
11/27/2013 16:00,4405.006499,4756.910457,5821.409614
11/27/2013 17:00,4120.979129,4519.35618,5489.684966
11/27/2013 18:00,3597.901188,4634.38313,5398.619007
11/27/2013 19:00,3019.208893,5141.643446,4214.103746
11/27/2013 20:00,2533.323219,5774.89713,3414.321143
11/27/2013 21:00,2085.823092,5797.643056,2573.529302
11/27/2013 22:00,1956.75003,6049.390286,1897.77418
11/27/2013 23:00,1363.622114,6192.600524,1552.264509
11/28/2013 0:00,1098.809479,4655.173041,1188.134819
11/28/2013 1:00,890.814181,3787.914566,1122.07812
11/28/2013 2:00,747.101803,3329.763292,990.04983
11/28/2013 3:00,803.057741,2816.578649,1160.627801
11/28/2013 4:00,693.487584,2258.035509,928.56354
11/28/2013 5:00,686.576485,2348.624108,908.622048
11/28/2013 6:00,749.226585,2693.06611,1080.683381
11/28/2013 7:00,1112.35994,3367.783475,1463.885737
11/28/2013 8:00,2136.31952,4665.293007,2507.144631
11/28/2013 9:00,3063.905782,4741.322989,3871.113214
11/28/2013 10:00,4113.215773,4696.038789,4789.460136
11/28/2013 11:00,4786.926435,4736.089234,5654.697538
11/28/2013 12:00,4665.165986,4519.089518,6218.652298
11/28/2013 13:00,4719.336783,5222.219738,7578.846171
11/28/2013 14:00,4472.393678,4802.821133,6816.523723
11/28/2013 15:00,4010.042799,4593.957363,5854.927553
11/28/2013 16:00,4252.749357,4665.091913,5631.500878
11/28/2013 17:00,3796.457338,4513.601215,4914.7884
11/28/2013 18:00,3778.473075,4881.657154,4506.803937
11/28/2013 19:00,3040.155701,5002.896294,4261.507693
11/28/2013 20:00,2121.964063,5497.578767,3456.065119
11/28/2013 21:00,1903.332953,6079.023985,2966.840734
11/28/2013 22:00,1674.734921,6226.097041,2526.577244
11/28/2013 23:00,1509.963795,5559.645145,1986.571232
11/29/2013 0:00,1550.944988,4376.514574,2106.601019
11/29/2013 1:00,822.019187,3669.367056,1765.320278
11/29/2013 2:00,828.102245,3014.492273,1258.927615
11/29/2013 3:00,783.239878,2470.998497,970.841603
11/29/2013 4:00,671.18386,2033.07697,978.038601
11/29/2013 5:00,678.470738,1915.093952,826.566198
11/29/2013 6:00,870.049881,2281.057943,927.831631
11/29/2013 7:00,1206.459814,2828.751605,1399.925956
11/29/2013 8:00,2259.17189,3951.831512,2514.298156
11/29/2013 9:00,2711.076681,4348.64935,3501.982625
11/29/2013 10:00,3668.574845,4814.278948,4272.925618
11/29/2013 11:00,3391.732285,4831.316102,5248.626486
11/29/2013 12:00,3775.77298,4168.862431,6244.303277
11/29/2013 13:00,4133.931602,4896.050556,6955.642999
11/29/2013 14:00,3723.234083,4727.847838,6684.215428
11/29/2013 15:00,3393.913113,5007.319947,5884.844121
11/29/2013 16:00,3575.672295,5170.120103,5443.251095
11/29/2013 17:00,3254.998964,4795.764492,5030.798085
11/29/2013 18:00,3054.231526,4639.242566,4921.429861
11/29/2013 19:00,2287.921206,5486.351278,3912.946374
11/29/2013 20:00,1915.053348,5629.725448,2818.650802
11/29/2013 21:00,1607.762047,5963.51916,2137.605571
11/29/2013 22:00,1481.766433,6093.802236,2065.664151
11/29/2013 23:00,1377.634397,5901.719497,1740.672733
11/30/2013 0:00,1481.773806,5244.146493,1565.63107
11/30/2013 1:00,1669.320562,3813.249953,2432.879122
11/30/2013 2:00,929.589094,2782.550311,3541.322109
11/30/2013 3:00,810.797001,2138.475282,2991.408751
11/30/2013 4:00,784.225466,2078.026002,1794.539761
11/30/2013 5:00,712.669958,1944.329637,1000.393773
11/30/2013 6:00,678.192748,2096.238275,723.421837
11/30/2013 7:00,801.657656,2597.002683,839.793401
11/30/2013 8:00,1067.864105,3515.806756,1095.793311
11/30/2013 9:00,1543.219927,4152.044211,1670.782737
11/30/2013 10:00,2070.333754,4457.969233,2887.447838
11/30/2013 11:00,2080.493803,5070.421405,4035.336316
11/30/2013 12:00,2155.643795,5214.147221,4779.76431
11/30/2013 13:00,2365.686606,4661.799345,5192.362071
11/30/2013 14:00,2267.929921,5952.371919,5143.389612
11/30/2013 15:00,1990.286198,5160.822496,6054.309644
11/30/2013 16:00,2032.20618,5139.734748,6017.981751
11/30/2013 17:00,2171.225563,5052.416501,5871.07239
11/30/2013 18:00,1852.276273,5231.282127,5569.664607
11/30/2013 19:00,1290.741841,5461.152461,3734.591672
11/30/2013 20:00,1327.605963,5789.495741,2821.215909
11/30/2013 21:00,1373.05645,6113.666724,2466.517353
11/30/2013 22:00,1447.9,6189.212574,2261.777732
11/30/2013 23:00,1304.716084,6422.298505,1992.238588
12/1/2013 0:00,1262.385935,6199.065267,2020.89096
12/1/2013 1:00,1013.557491,4946.68221,2514.812897
12/1/2013 2:00,908.193468,3087.800812,3307.265474
12/1/2013 3:00,715.406052,2546.008054,2678.443033
12/1/2013 4:00,585.95041,2040.885956,1642.799185
12/1/2013 5:00,525.959096,1954.111191,1017.085887
12/1/2013 6:00,529.921643,1890.587338,760.264404
12/1/2013 7:00,524.248688,1831.679099,714.060461
12/1/2013 8:00,559.250292,2254.596549,788.874827
12/1/2013 9:00,672.543379,3090.381192,1157.501367
12/1/2013 10:00,801.341697,3429.851692,2239.656947
12/1/2013 11:00,866.159091,4266.451734,3879.869705
12/1/2013 12:00,963.835917,4501.674337,4668.09542
12/1/2013 13:00,1069.604029,4785.257666,5200.437251
12/1/2013 14:00,972.282596,5560.798982,4939.238348
12/1/2013 15:00,1055.476546,5105.765342,5514.835139
12/1/2013 16:00,1118.884975,5234.414738,6244.953379
12/1/2013 17:00,1153.503303,4746.654551,5951.690956
12/1/2013 18:00,991.622024,4959.549876,5102.45219
12/1/2013 19:00,1030.324591,5016.406664,3432.980082
12/1/2013 20:00,1086.638016,5407.972646,2218.626121
12/1/2013 21:00,1101.581958,5528.140902,1358.709765
12/1/2013 22:00,1025.22828,5271.892949,1294.551589
12/1/2013 23:00,874.781619,4807.708359,1157.775517
12/2/2013 0:00,803.398052,3946.719893,896.039832
12/2/2013 1:00,765.311076,2936.600887,769.868167
12/2/2013 2:00,601.853545,2448.652404,713.454848
12/2/2013 3:00,565.716206,2123.68128,682.379052
12/2/2013 4:00,541.461214,1875.420057,746.6097
12/2/2013 5:00,537.168452,1983.254717,680.103009
12/2/2013 6:00,632.097654,1995.280494,804.247258
12/2/2013 7:00,1004.811573,3204.015339,1375.995626
12/2/2013 8:00,1863.319013,4776.370628,2581.961878
12/2/2013 9:00,2733.062454,4768.679744,3479.403701
12/2/2013 10:00,3510.669926,4773.945785,4284.26029
12/2/2013 11:00,3996.913059,4321.595231,5088.087159
12/2/2013 12:00,4782.363431,4196.731807,5530.084399
12/2/2013 13:00,4317.834504,4978.119395,6853.892798
12/2/2013 14:00,4750.794744,4875.140176,6870.574646
12/2/2013 15:00,3864.734997,4768.92876,5662.172973
12/2/2013 16:00,4168.619566,4686.644391,5535.86765
12/2/2013 17:00,3715.5855,4828.17462,5848.300792
12/2/2013 18:00,3580.135703,4524.347949,4807.530782
12/2/2013 19:00,3287.2352,4977.127151,3995.786733
12/2/2013 20:00,2453.097523,5411.268391,2783.580504
12/2/2013 21:00,1719.032298,5542.905893,2219.723985
12/2/2013 22:00,1476.25523,5558.810664,1868.007334
12/2/2013 23:00,1644.870474,5427.29398,1392.904917
12/3/2013 0:00,1126.07687,4530.545357,1515.885506
12/3/2013 1:00,1070.731044,3941.260277,1141.324364
12/3/2013 2:00,695.589672,3012.752632,1106.298903
12/3/2013 3:00,682.583121,2704.324016,1036.641023
12/3/2013 4:00,612.114086,2424.325591,960.352033
12/3/2013 5:00,648.663728,2296.806614,873.484187
12/3/2013 6:00,721.409457,2455.750907,998.951635
12/3/2013 7:00,1032.186405,3179.521254,1444.245875
12/3/2013 8:00,2056.928277,4455.184984,2342.866687
12/3/2013 9:00,2886.322548,4264.323669,4174.51353
12/3/2013 10:00,3850.823686,4361.575186,4624.861387
12/3/2013 11:00,4071.2985,4459.521146,5492.148296
12/3/2013 12:00,4611.338829,4724.129794,6480.332578
12/3/2013 13:00,4076.767067,5062.465649,7362.831881
12/3/2013 14:00,4242.578331,4750.220403,7454.577186
12/3/2013 15:00,3834.102376,4678.896865,5739.587891
12/3/2013 16:00,4256.203642,4630.524816,5708.311759
12/3/2013 17:00,4010.8664,4559.076814,5126.207861
12/3/2013 18:00,3509.790533,4555.859722,4801.442491
12/3/2013 19:00,3026.206651,5530.885554,3980.999835
12/3/2013 20:00,2230.982019,5491.333281,3212.698353
12/3/2013 21:00,1937.144253,5789.311093,2363.528121
12/3/2013 22:00,1545.699273,6089.598674,1988.861105
12/3/2013 23:00,1487.531658,4982.234863,1405.589318
12/4/2013 0:00,1238.43169,4519.453268,1157.835804
12/4/2013 1:00,839.59523,3942.842609,1066.68283
12/4/2013 2:00,868.949158,3539.134768,892.98536
12/4/2013 3:00,613.701936,2554.084983,773.601614
12/4/2013 4:00,589.631084,2372.136078,794.246874
12/4/2013 5:00,602.025363,2423.776053,766.802693
12/4/2013 6:00,704.760442,2304.707284,819.976505
12/4/2013 7:00,1040.863671,3143.503139,1415.814542
12/4/2013 8:00,2006.288049,4442.442473,2303.298642
12/4/2013 9:00,2934.129941,4775.393935,3601.77159
12/4/2013 10:00,3786.079396,4702.186363,4685.591193
12/4/2013 11:00,3423.827003,4820.335302,5818.999145
12/4/2013 12:00,4497.770302,4841.18044,6338.405466
12/4/2013 13:00,4145.845764,4633.25857,7853.573643
12/4/2013 14:00,4173.67681,4510.452955,6739.932133
12/4/2013 15:00,3821.10422,4108.755714,5934.106774
12/4/2013 16:00,3910.544926,4097.67787,5661.942023
12/4/2013 17:00,3528.561953,4724.105203,5562.153174
12/4/2013 18:00,2951.69603,4936.571397,5021.115069
12/4/2013 19:00,2841.489146,4933.622075,3689.293688
12/4/2013 20:00,1932.124272,5153.033339,3092.219399
12/4/2013 21:00,1621.911966,6162.606682,2720.031566
12/4/2013 22:00,1522.153515,6432.082629,2379.828296
12/4/2013 23:00,1284.259659,5573.588251,1809.331655
12/5/2013 0:00,1090.080455,4785.295579,1253.20976
12/5/2013 1:00,995.549052,3569.134747,1032.553116
12/5/2013 2:00,816.171483,3129.529633,916.428563
12/5/2013 3:00,753.10645,2485.637555,903.171936
12/5/2013 4:00,749.376282,2309.648929,888.818727
12/5/2013 5:00,758.317122,2409.529048,778.357976
12/5/2013 6:00,812.66485,2642.431118,927.374921
12/5/2013 7:00,1143.42552,3295.372621,1358.094409
12/5/2013 8:00,2245.709577,4588.551594,2499.301787
12/5/2013 9:00,3237.423453,4556.323823,3422.226484
12/5/2013 10:00,3931.919222,4368.629431,4430.726395
12/5/2013 11:00,3963.557334,4221.132822,5455.772154
12/5/2013 12:00,4701.222646,4464.753537,6279.545825
12/5/2013 13:00,4438.909899,4744.967935,7046.32225
12/5/2013 14:00,4313.243123,4946.900288,6804.633626
12/5/2013 15:00,4082.00851,4764.960827,6065.879744
12/5/2013 16:00,4032.532799,4606.198919,5621.368241
12/5/2013 17:00,3964.518295,4917.491382,5258.563128
12/5/2013 18:00,3329.845303,4266.292929,5120.53403
12/5/2013 19:00,2839.374603,4897.928172,4293.551497
12/5/2013 20:00,2459.244649,6254.783393,3709.786688
12/5/2013 21:00,2133.365911,5294.590844,3243.64046
12/5/2013 22:00,1803.209966,5658.851957,2678.316951
12/5/2013 23:00,1198.442581,5341.767724,2313.697796
12/6/2013 0:00,1083.175485,4314.212754,1645.579819
12/6/2013 1:00,960.211943,3775.404583,1306.002152
12/6/2013 2:00,892.24439,3208.085428,1009.158505
12/6/2013 3:00,782.189987,2549.70925,954.642531
12/6/2013 4:00,716.997583,2312.67811,992.866944
12/6/2013 5:00,703.447694,2168.301812,920.794086
12/6/2013 6:00,743.920187,2397.448292,978.240924
12/6/2013 7:00,1181.718088,3153.73214,1355.291151
12/6/2013 8:00,2001.040844,4382.546732,2340.618545
12/6/2013 9:00,2826.453295,5047.770589,3646.144408
12/6/2013 10:00,3700.858543,4621.97849,4567.944058
12/6/2013 11:00,3437.839078,4284.600528,5493.768191
12/6/2013 12:00,3804.114009,4760.440729,6069.475167
12/6/2013 13:00,3811.853282,4362.798873,7743.657223
12/6/2013 14:00,3126.857163,4635.877203,7001.349227
12/6/2013 15:00,2798.70487,4455.629784,6387.899854
12/6/2013 16:00,3293.226958,4365.295044,6273.626905
12/6/2013 17:00,2823.180309,4427.669811,5511.582329
12/6/2013 18:00,2626.936396,4624.284315,4699.594706
12/6/2013 19:00,2094.070612,4953.940389,3494.036463
12/6/2013 20:00,1966.202419,6173.614415,3611.999441
12/6/2013 21:00,1209.313552,5946.884541,2278.496311
12/6/2013 22:00,1233.141743,5843.915593,1930.647637
12/6/2013 23:00,1051.125405,5697.40562,2050.569299
12/7/2013 0:00,1049.542924,4755.239338,1634.122395
12/7/2013 1:00,832.756954,3798.267532,1972.641968
12/7/2013 2:00,838.546557,3025.988506,2063.152495
12/7/2013 3:00,689.927519,2330.465108,2081.919721
12/7/2013 4:00,708.549273,2183.249713,1436.158834
12/7/2013 5:00,621.452484,2315.84774,998.218904
12/7/2013 6:00,586.162912,1980.324779,809.078871
12/7/2013 7:00,663.434782,2093.511501,850.772051
12/7/2013 8:00,735.936538,2445.478552,1022.008373
12/7/2013 9:00,956.37805,3407.092666,1820.977456
12/7/2013 10:00,1144.784786,4041.051626,3045.68998
12/7/2013 11:00,1129.793689,4345.906389,4216.777868
12/7/2013 12:00,1067.530641,4832.639406,5668.762664
12/7/2013 13:00,1139.372607,4767.301971,6394.496999
12/7/2013 14:00,1025.79198,5097.221687,6772.746363
12/7/2013 15:00,999.505588,5577.194222,7464.634
12/7/2013 16:00,1036.235377,4686.459056,7963.420227
12/7/2013 17:00,1150.154428,5336.543935,8770.22108
12/7/2013 18:00,1198.43596,5850.163404,7299.29193
12/7/2013 19:00,1178.317981,5850.289683,5670.766338
12/7/2013 20:00,1258.252057,5629.886853,3881.362067
12/7/2013 21:00,1362.134366,5692.911472,3178.126113
12/7/2013 22:00,1289.173437,5729.228986,2427.009912
12/7/2013 23:00,1257.189029,5384.665843,1941.354802
12/8/2013 0:00,1248.745251,4865.375751,1580.898002
12/8/2013 1:00,981.962089,3666.466559,1791.614367
12/8/2013 2:00,797.181353,3070.218599,2202.520071
12/8/2013 3:00,678.405799,2376.830532,1882.121071
12/8/2013 4:00,614.482136,2239.169642,1247.711743
12/8/2013 5:00,587.891552,1856.398819,876.363072
12/8/2013 6:00,572.692412,1769.485029,817.254332
12/8/2013 7:00,597.507191,1774.059126,872.310511
12/8/2013 8:00,645.499644,2132.063364,1043.854952
12/8/2013 9:00,841.273282,2782.722867,1553.309364
12/8/2013 10:00,851.569205,3788.262509,2952.623824
12/8/2013 11:00,853.009765,4167.328825,4829.582153
12/8/2013 12:00,909.38037,4693.343629,6097.947771
12/8/2013 13:00,942.12379,4590.829016,6765.671829
12/8/2013 14:00,887.622244,4673.621003,6616.306567
12/8/2013 15:00,1164.865192,5025.865502,6712.113877
12/8/2013 16:00,1043.717194,5185.55454,6808.138784
12/8/2013 17:00,1078.266624,5047.583368,7074.822371
12/8/2013 18:00,1065.73356,4940.616047,5649.548431
12/8/2013 19:00,1310.250225,5290.012446,3793.029701
12/8/2013 20:00,1310.458514,5806.872337,2234.048039
12/8/2013 21:00,1445.485251,6439.147736,1561.389656
12/8/2013 22:00,1325.309703,5727.924411,1306.993089
12/8/2013 23:00,1060.994286,4705.686565,1059.246258
12/9/2013 0:00,869.056982,4920.484918,935.702842
12/9/2013 1:00,728.948414,4679.766701,827.821435
12/9/2013 2:00,678.521816,3186.726054,815.1516
12/9/2013 3:00,623.270931,2213.132236,829.215029
12/9/2013 4:00,615.743795,1891.1578,785.918877
12/9/2013 5:00,623.184336,1828.714641,761.428886
12/9/2013 6:00,695.07919,1937.533017,854.629938
12/9/2013 7:00,1063.056519,2847.774195,1349.006085
12/9/2013 8:00,1975.054365,3863.437006,2486.280065
12/9/2013 9:00,2918.365978,4259.369163,3689.877114
12/9/2013 10:00,4079.145486,5284.431318,4549.105352
12/9/2013 11:00,4048.759347,4376.292317,5298.780829
12/9/2013 12:00,4067.080459,5541.613464,6196.088862
12/9/2013 13:00,4196.570781,5116.468315,7424.913382
12/9/2013 14:00,4676.72154,5075.272246,6854.553093
12/9/2013 15:00,4099.05642,4998.087289,6370.696556
12/9/2013 16:00,4193.779344,4904.134406,6430.19523
12/9/2013 17:00,3709.208725,4541.314943,5843.789486
12/9/2013 18:00,3191.336794,4771.503023,4862.925102
12/9/2013 19:00,2879.737794,5208.513002,4405.181136
12/9/2013 20:00,2234.660969,5733.988412,3557.589187
12/9/2013 21:00,1863.655332,5380.16755,2693.929792
12/9/2013 22:00,1696.678015,6022.852949,2079.891807
12/9/2013 23:00,1906.858181,5323.009277,1566.493136
12/10/2013 0:00,1651.506884,4584.67647,1332.453635
12/10/2013 1:00,881.7755,3970.904992,1189.191778
12/10/2013 2:00,739.143492,3066.735998,1216.852449
12/10/2013 3:00,745.368926,2815.852033,1030.610825
12/10/2013 4:00,686.868436,2212.288776,997.565914
12/10/2013 5:00,704.343344,2105.133343,1002.536411
12/10/2013 6:00,745.24706,2549.294698,1098.400143
12/10/2013 7:00,1157.132723,3337.040903,1552.494433
12/10/2013 8:00,1966.920353,4604.378475,2721.61651
12/10/2013 9:00,2860.267832,4966.714725,4229.281422
12/10/2013 10:00,3850.340525,4554.887991,5323.910432
12/10/2013 11:00,4273.804882,4743.659011,6353.862318
12/10/2013 12:00,4492.721142,4752.714253,7075.084464
12/10/2013 13:00,4167.875886,4796.417988,8218.133675
12/10/2013 14:00,4055.075444,4822.707241,8232.811154
12/10/2013 15:00,3876.609779,4841.556351,6892.175328
12/10/2013 16:00,4003.004976,5019.3355,6291.116615
12/10/2013 17:00,3692.177468,5054.16352,5755.923729
12/10/2013 18:00,3114.067309,5003.659149,5016.616756
12/10/2013 19:00,2503.321328,5419.91517,4318.932482
12/10/2013 20:00,2383.514299,5680.149362,3531.1792
12/10/2013 21:00,1853.667422,5645.620574,2749.51639
12/10/2013 22:00,2194.030621,5433.999653,2492.092349
12/10/2013 23:00,1568.783843,5349.036751,1869.88741
12/11/2013 0:00,1101.522737,6153.314477,1346.664287
12/11/2013 1:00,868.424162,3622.130679,1112.549003
12/11/2013 2:00,769.778164,2946.780699,998.828453
12/11/2013 3:00,706.671158,2415.461141,981.147023
12/11/2013 4:00,670.9407,2036.964562,1041.616515
12/11/2013 5:00,664.112827,2216.045139,890.664008
12/11/2013 6:00,752.788645,2394.120537,960.798685
12/11/2013 7:00,1190.283194,3103.28649,1757.14
12/11/2013 8:00,2142.987332,4293.13045,2608.120296
12/11/2013 9:00,3383.058893,4521.53291,4038.769861
12/11/2013 10:00,3753.218332,4393.688897,5112.960172
12/11/2013 11:00,3905.573973,4931.644284,6354.146779
12/11/2013 12:00,4318.009491,4696.530946,7215.929645
12/11/2013 13:00,3966.399672,4991.627242,8383.112589
12/11/2013 14:00,3897.843343,4651.002424,8167.564838
12/11/2013 15:00,3716.165575,4941.699668,7363.319114
12/11/2013 16:00,4000.530576,4949.581062,6771.363539
12/11/2013 17:00,3566.809546,4923.576559,6091.376205
12/11/2013 18:00,3287.320238,5330.951589,5396.562351
12/11/2013 19:00,3097.301119,4839.653461,4445.173266
12/11/2013 20:00,2431.198329,5585.442942,3617.97986
12/11/2013 21:00,1679.808084,5587.037397,2753.843511
12/11/2013 22:00,1629.379816,5980.06492,2180.629312
12/11/2013 23:00,1558.614865,5831.048105,1686.9734
12/12/2013 0:00,1113.388796,4892.408951,1341.903769
12/12/2013 1:00,1009.671707,3725.223697,1195.08967
12/12/2013 2:00,817.574453,3117.188387,1056.432369
12/12/2013 3:00,787.996855,2729.818152,937.706637
12/12/2013 4:00,744.084608,2683.048592,906.646074
12/12/2013 5:00,714.91807,2538.274792,962.126401
12/12/2013 6:00,816.284632,2488.129136,959.618694
12/12/2013 7:00,1105.236777,3425.767211,1459.27262
12/12/2013 8:00,2059.063719,4484.747672,2564.054494
12/12/2013 9:00,2899.722917,4519.173258,4717.759784
12/12/2013 10:00,3571.463091,4288.982167,5864.769951
12/12/2013 11:00,3556.809872,4527.508344,6533.427184
12/12/2013 12:00,4211.286376,4473.356613,7544.646818
12/12/2013 13:00,3898.648362,4564.504954,9261.577969
12/12/2013 14:00,3915.384829,5117.670475,8504.222519
12/12/2013 15:00,3368.560466,4921.724124,7293.744757
12/12/2013 16:00,3577.820054,4630.549165,7030.441171
12/12/2013 17:00,2939.110733,4565.776807,6567.685034
12/12/2013 18:00,2634.489895,4614.464118,6327.862296
12/12/2013 19:00,2274.760238,5439.459331,5584.994754
12/12/2013 20:00,1975.171743,5639.808513,4277.402784
12/12/2013 21:00,1681.240196,5550.728087,3707.992643
12/12/2013 22:00,1496.922124,5998.158189,2986.176044
12/12/2013 23:00,1337.389595,5246.714897,2152.370619
12/13/2013 0:00,1293.714157,4487.434228,1708.852084
12/13/2013 1:00,1330.117973,3617.074974,1431.797977
12/13/2013 2:00,965.836395,2753.612102,1228.053687
12/13/2013 3:00,808.95808,2168.988391,1126.155713
12/13/2013 4:00,784.096461,2111.955097,1104.180078
12/13/2013 5:00,762.915771,2128.742991,1083.530013
12/13/2013 6:00,899.834853,2433.640429,1122.795889
12/13/2013 7:00,1329.599478,3451.130734,1546.803802
12/13/2013 8:00,1972.48677,4573.534157,2661.934942
12/13/2013 9:00,2382.977578,4882.76446,4390.067166
12/13/2013 10:00,2795.030581,4492.804441,5223.999735
12/13/2013 11:00,2716.872099,4243.504964,5804.36058
12/13/2013 12:00,2995.80502,4481.762288,6363.636686
12/13/2013 13:00,2826.509517,4421.781648,7505.905926
12/13/2013 14:00,2623.844835,4217.047282,7444.94703
12/13/2013 15:00,2761.697802,4380.479352,6960.697541
12/13/2013 16:00,2812.083203,4152.045754,6709.193186
12/13/2013 17:00,2522.650707,4062.440404,5917.355125
12/13/2013 18:00,2372.379362,4270.438832,5209.202677
12/13/2013 19:00,1868.273377,4473.910151,3975.398062
12/13/2013 20:00,1599.891323,4988.086857,3025.390812
12/13/2013 21:00,1367.519971,5151.391186,2342.208717
12/13/2013 22:00,1369.33823,5095.981159,1993.212607
12/13/2013 23:00,1162.012262,5176.193543,1711.208474
12/14/2013 0:00,1065.347725,4663.880388,1821.388191
12/14/2013 1:00,959.312581,3763.857084,3487.200391
12/14/2013 2:00,804.566579,2882.629725,3876.415766
12/14/2013 3:00,732.246753,2272.712128,3571.204541
12/14/2013 4:00,668.776724,2043.627016,2272.344508
12/14/2013 5:00,644.681902,1962.354405,1279.11663
12/14/2013 6:00,651.448803,1836.715953,1049.716138
12/14/2013 7:00,779.343826,1971.262222,1088.03076
12/14/2013 8:00,904.313217,2537.21058,1418.861028
12/14/2013 9:00,1271.637693,3239.950013,2014.664345
12/14/2013 10:00,1693.737517,4080.336595,2969.691305
12/14/2013 11:00,1777.100268,4558.959073,4801.322039
12/14/2013 12:00,1957.905448,4718.238129,5868.996937
12/14/2013 13:00,1848.233979,4727.803507,6640.595926
12/14/2013 14:00,1822.282221,5226.292067,7444.303746
12/14/2013 15:00,1882.067109,4866.440984,7509.054575
12/14/2013 16:00,1899.376638,4719.783289,8324.90055
12/14/2013 17:00,1905.718576,5182.681662,8201.352261
12/14/2013 18:00,1708.306224,5088.403896,7305.78298
12/14/2013 19:00,1265.465489,5103.634842,5321.658812
12/14/2013 20:00,1148.343955,5330.395406,4147.09633
12/14/2013 21:00,1111.021373,5200.842229,3245.897886
12/14/2013 22:00,1217.482865,4837.873693,2814.797822
12/14/2013 23:00,1270.85552,4817.969457,2425.284235
12/15/2013 0:00,1079.96611,4356.035653,2468.814127
12/15/2013 1:00,944.974998,3846.432587,4704.202339
12/15/2013 2:00,879.440905,2782.316981,5493.987679
12/15/2013 3:00,750.818562,2173.253334,4268.084619
12/15/2013 4:00,722.094624,1881.583644,2312.267911
12/15/2013 5:00,652.490334,1715.6467,1146.325459
12/15/2013 6:00,583.743822,1781.928256,944.824798
12/15/2013 7:00,549.688901,1852.403687,958.390132
12/15/2013 8:00,624.871815,2066.111592,1242.734578
12/15/2013 9:00,708.815933,2578.75817,1720.325827
12/15/2013 10:00,826.961926,3256.044796,3335.424059
12/15/2013 11:00,889.573208,3888.970674,4733.435599
12/15/2013 12:00,921.482134,4208.85981,5814.933303
12/15/2013 13:00,926.374766,4112.829501,6293.651321
12/15/2013 14:00,906.730463,4302.829266,6929.438606
12/15/2013 15:00,1008.894337,4716.781954,7231.998775
12/15/2013 16:00,1108.734219,4942.928872,7973.510048
12/15/2013 17:00,1079.86716,4970.678028,7461.509835
12/15/2013 18:00,1097.46253,5272.929851,6292.565903
12/15/2013 19:00,1095.609045,4859.041912,4495.02018
12/15/2013 20:00,1145.94654,4877.519443,3142.12246
12/15/2013 21:00,1075.842471,5007.203495,2334.737823
12/15/2013 22:00,1009.719004,5042.60648,1871.176084
12/15/2013 23:00,1044.563313,4135.849176,1490.050621
12/16/2013 0:00,883.408648,3260.962419,1190.301672
12/16/2013 1:00,756.307194,2789.977027,984.664383
12/16/2013 2:00,644.88024,2328.489561,977.574267
12/16/2013 3:00,595.713749,2026.097478,936.86983
12/16/2013 4:00,581.696462,1869.166597,875.1478
12/16/2013 5:00,576.955442,1797.966134,840.980629
12/16/2013 6:00,616.481574,1950.009204,915.068977
12/16/2013 7:00,924.679719,2552.27916,1436.014932
12/16/2013 8:00,1611.593744,3390.717392,2417.308356
12/16/2013 9:00,2343.27712,3467.07338,3490.530435
12/16/2013 10:00,2476.83551,3735.383493,4275.364756
12/16/2013 11:00,2502.559154,3335.306782,4865.766001
12/16/2013 12:00,2683.719798,3564.609588,5533.101535
12/16/2013 13:00,2977.10722,3917.106547,7420.394452
12/16/2013 14:00,2642.073013,3871.059063,6931.652779
12/16/2013 15:00,2744.101588,3999.175166,6199.647621
12/16/2013 16:00,2757.14724,3998.736761,5975.566796
12/16/2013 17:00,2471.345092,3760.268762,5747.090706
12/16/2013 18:00,2198.522793,3879.131451,5257.078307
12/16/2013 19:00,1951.882018,3962.486754,4424.341075
12/16/2013 20:00,1875.25764,3992.07362,3735.893253
12/16/2013 21:00,1344.955362,4175.051469,2826.959583
12/16/2013 22:00,1158.742825,4385.798004,2233.033358
12/16/2013 23:00,1211.591686,4006.670337,1783.033369
12/17/2013 0:00,985.818298,3509.353023,1405.013989
12/17/2013 1:00,710.537018,2772.226007,1118.749803
12/17/2013 2:00,639.467264,2339.735714,952.908943
12/17/2013 3:00,581.599942,2085.400718,918.856242
12/17/2013 4:00,560.785767,1933.119744,923.865125
12/17/2013 5:00,566.085646,1881.506218,917.842255
12/17/2013 6:00,636.296214,2004.005235,995.607608
12/17/2013 7:00,867.401826,2717.278033,1370.455515
12/17/2013 8:00,1618.86219,3473.771868,2604.733646
12/17/2013 9:00,2298.073624,3513.388249,3966.439855
12/17/2013 10:00,2614.612007,3623.460054,5786.684352
12/17/2013 11:00,2597.665363,3733.144852,6458.634704
12/17/2013 12:00,2728.220813,3803.976117,7053.174565
12/17/2013 13:00,2923.040667,3990.302433,8282.278209
12/17/2013 14:00,2643.922671,3745.245426,8024.156048
12/17/2013 15:00,2899.903144,4026.905641,8685.170967
12/17/2013 16:00,2799.692597,4508.423804,8251.641549
12/17/2013 17:00,2485.617622,4465.46956,7177.769496
12/17/2013 18:00,2053.34254,4286.865735,6054.114825
12/17/2013 19:00,1799.300478,4413.827069,5193.972604
12/17/2013 20:00,1580.592497,4712.496011,4163.142913
12/17/2013 21:00,1409.777335,4721.951903,3173.80667
12/17/2013 22:00,1284.148896,5002.198195,2386.595916
12/17/2013 23:00,1140.833582,4455.737953,1890.730438
12/18/2013 0:00,987.803109,3671.653709,1532.998468
12/18/2013 1:00,851.944048,2931.094965,1257.954217
12/18/2013 2:00,681.019125,2588.031367,1191.488077
12/18/2013 3:00,655.794176,2189.576789,1128.116695
12/18/2013 4:00,629.7078,1976.747814,1092.71006
12/18/2013 5:00,640.312084,1870.939477,1065.119156
12/18/2013 6:00,699.914725,2090.295611,1097.818165
12/18/2013 7:00,1024.925858,2830.720645,1578.569456
12/18/2013 8:00,1569.176787,3534.957647,2838.049529
12/18/2013 9:00,2220.231672,3819.398011,4260.661371
12/18/2013 10:00,2492.077131,3886.134436,5328.333015
12/18/2013 11:00,2566.797892,4042.344855,6526.323874
12/18/2013 12:00,2762.661934,4353.184242,7603.592006
12/18/2013 13:00,2666.556374,4088.728943,9003.095638
12/18/2013 14:00,2351.284535,3965.241695,8419.537086
12/18/2013 15:00,2367.563997,3885.229503,7655.634884
12/18/2013 16:00,2399.574573,3732.558113,7869.71635
12/18/2013 17:00,2259.581377,3935.422268,7003.343288
12/18/2013 18:00,1980.826891,4410.862219,6196.226281
12/18/2013 19:00,1763.848753,4457.386998,5162.189558
12/18/2013 20:00,1630.189212,4848.137253,4374.306649
12/18/2013 21:00,1291.86491,5053.914161,3202.774129
12/18/2013 22:00,1209.497288,4885.798133,2641.400826
12/18/2013 23:00,1080.622485,4436.528902,1989.107378
12/19/2013 0:00,1026.152295,3803.588567,1519.700093
12/19/2013 1:00,815.58791,2891.618599,1259.998338
12/19/2013 2:00,679.211162,2495.108513,1227.427467
12/19/2013 3:00,638.164618,2129.503616,1078.870926
12/19/2013 4:00,617.710533,1942.490464,1053.853754
12/19/2013 5:00,618.014708,1793.881656,993.16024
12/19/2013 6:00,688.905252,2094.41587,1004.943488
12/19/2013 7:00,954.708498,2853.283568,1486.411269
12/19/2013 8:00,1612.562135,3493.414568,2424.606526
12/19/2013 9:00,2117.543285,3949.114755,3994.083702
12/19/2013 10:00,2319.424589,3932.930933,5377.478073
12/19/2013 11:00,2415.057748,4268.551673,6610.947019
12/19/2013 12:00,2603.016527,4261.796824,6841.367358
12/19/2013 13:00,2745.087771,3815.956995,7931.653811
12/19/2013 14:00,2330.829996,3869.424822,7659.300688
12/19/2013 15:00,2413.468542,3726.169154,7217.851991
12/19/2013 16:00,2281.995798,4260.16619,7086.408206
12/19/2013 17:00,2141.154698,4089.68667,6439.490784
12/19/2013 18:00,2012.395449,4156.450293,6003.931491
12/19/2013 19:00,1731.449887,4219.700037,5053.630785
12/19/2013 20:00,1593.72879,4740.499348,3976.813021
12/19/2013 21:00,1347.518199,5210.708123,3281.078738
12/19/2013 22:00,1356.308698,5610.362725,3251.112802
12/19/2013 23:00,1262.171211,4872.876269,2632.549803
12/20/2013 0:00,1173.764181,3887.155531,2110.392725
12/20/2013 1:00,972.967573,3087.700975,1492.059868
12/20/2013 2:00,785.087149,3070.621213,1148.2936
12/20/2013 3:00,660.656605,2190.917043,912.181999
12/20/2013 4:00,602.192565,1918.13715,891.329633
12/20/2013 5:00,609.814186,1917.19646,889.601185
12/20/2013 6:00,661.473672,2063.151894,933.683755
12/20/2013 7:00,967.20602,2745.097821,1337.382519
12/20/2013 8:00,1585.140227,3438.755847,2286.280478
12/20/2013 9:00,1893.826549,3703.321943,3651.955095
12/20/2013 10:00,2205.066883,3764.613159,4732.918899
12/20/2013 11:00,2208.782548,3893.051725,5962.804716
12/20/2013 12:00,2052.234253,4000.499052,6327.56715
12/20/2013 13:00,2009.133118,4208.918585,7650.149011
12/20/2013 14:00,1951.446078,3963.835537,7320.261828
12/20/2013 15:00,2031.021518,4041.437133,7021.027322
12/20/2013 16:00,2016.245567,3744.1936,6480.706155
12/20/2013 17:00,1923.814202,3544.073512,6315.189112
12/20/2013 18:00,1593.927053,3789.873057,5268.443255
12/20/2013 19:00,1442.948757,4082.554854,4196.472679
12/20/2013 20:00,1366.981532,4114.098803,3175.663258
12/20/2013 21:00,1118.711187,4065.108763,2338.857053
12/20/2013 22:00,1018.880579,4228.141973,2160.77444
12/20/2013 23:00,998.405926,4051.949763,1679.164463
12/21/2013 0:00,977.922111,3586.713149,1546.866351
12/21/2013 1:00,851.593577,3100.154412,1613.947192
12/21/2013 2:00,748.983987,2319.328443,1820.335185
12/21/2013 3:00,721.465731,2027.982995,1598.733549
12/21/2013 4:00,694.363325,1806.306653,1245.356865
12/21/2013 5:00,629.770693,1793.099432,973.787998
12/21/2013 6:00,615.56471,2049.965511,891.604366
12/21/2013 7:00,696.359804,2473.442876,983.773094
12/21/2013 8:00,780.579305,2184.098738,1129.588438
12/21/2013 9:00,998.220902,2858.812199,1884.990462
12/21/2013 10:00,1133.399171,3273.932569,2801.794482
12/21/2013 11:00,1177.17676,3688.088326,4160.045972
12/21/2013 12:00,1192.458438,3603.839,5316.653587
12/21/2013 13:00,1105.379859,3624.304763,6259.115235
12/21/2013 14:00,1110.38802,3771.307861,6507.557318
12/21/2013 15:00,1225.240537,3500.569461,6941.587958
12/21/2013 16:00,1123.138678,3908.756936,7067.001135
12/21/2013 17:00,1140.995829,3832.04666,6992.018354
12/21/2013 18:00,1058.694926,3655.292475,5667.976607
12/21/2013 19:00,969.510576,3731.056719,4199.228609
12/21/2013 20:00,1084.990627,3761.062197,2960.956565
12/21/2013 21:00,1109.737081,4156.689897,2324.255166
12/21/2013 22:00,937.480048,4421.245455,2022.550504
12/21/2013 23:00,942.65577,4454.48034,1679.445741
12/22/2013 0:00,965.334927,3933.809975,1550.602058
12/22/2013 1:00,890.019301,2898.760002,1157.355275
12/22/2013 2:00,784.144443,2285.285498,1394.152596
12/22/2013 3:00,698.477223,1754.538641,1429.255936
12/22/2013 4:00,605.352028,1539.779427,1179.173141
12/22/2013 5:00,589.045983,1385.022115,894.920748
12/22/2013 6:00,598.31649,1415.712201,835.843242
12/22/2013 7:00,598.087196,1475.004636,824.172566
12/22/2013 8:00,638.851234,1588.243624,931.593089
12/22/2013 9:00,686.986906,2231.049676,1325.172837
12/22/2013 10:00,777.544112,2496.06427,2480.782308
12/22/2013 11:00,752.498479,2937.955105,4211.13768
12/22/2013 12:00,776.904305,3130.7636,5669.352039
12/22/2013 13:00,1226.096816,3016.801244,6049.230105
12/22/2013 14:00,887.423903,3044.689375,6400.250665
12/22/2013 15:00,752.405481,3332.370754,6600.982431
12/22/2013 16:00,784.408216,3739.053133,7891.205012
12/22/2013 17:00,781.321374,3576.934433,7090.924525
12/22/2013 18:00,848.412813,3298.815547,5769.971316
12/22/2013 19:00,874.314441,3069.611799,3510.347942
12/22/2013 20:00,857.606571,3335.481642,2082.632786
12/22/2013 21:00,747.897548,3624.535103,1572.919506
12/22/2013 22:00,706.629228,3457.980215,1273.351619
12/22/2013 23:00,686.872371,3139.380059,1043.881574
12/23/2013 0:00,658.017479,2610.777552,942.103811
12/23/2013 1:00,573.906356,2255.867677,836.872408
12/23/2013 2:00,516.956269,1792.873003,823.538163
12/23/2013 3:00,518.102524,1472.280815,772.52858
12/23/2013 4:00,437.94465,1367.267524,699.963326
12/23/2013 5:00,436.774712,1297.774546,756.576087
12/23/2013 6:00,481.526982,1392.86146,795.805218
12/23/2013 7:00,638.994825,1750.108844,1062.652231
12/23/2013 8:00,956.406439,2269.696331,2070.292643
12/23/2013 9:00,1185.754868,2693.631574,2996.27235
12/23/2013 10:00,1272.533498,2989.385298,4348.740595
12/23/2013 11:00,1203.370181,2899.626497,5782.714295
12/23/2013 12:00,1175.62142,3276.544567,7242.451373
12/23/2013 13:00,1148.066285,3193.700127,8279.696248
12/23/2013 14:00,1232.251489,3157.585291,8284.35886
12/23/2013 15:00,1189.709034,3389.579691,7733.204325
12/23/2013 16:00,1169.640244,3367.024936,7948.936586
12/23/2013 17:00,1200.777324,3253.499179,6947.806814
12/23/2013 18:00,1001.898262,2969.955643,5116.257271
12/23/2013 19:00,879.196394,2787.299696,3444.52417
12/23/2013 20:00,868.729107,2844.430412,2425.407472
12/23/2013 21:00,777.282051,2917.654556,1962.241119
12/23/2013 22:00,705.303895,2733.265844,1554.688224
12/23/2013 23:00,725.826257,2713.390512,1255.59159
12/24/2013 0:00,540.004317,2272.16065,1021.921892
12/24/2013 1:00,487.525677,1847.115003,1092.082232
12/24/2013 2:00,503.672705,1545.29451,1076.56824
12/24/2013 3:00,385.181366,1450.634439,950.812316
12/24/2013 4:00,401.625955,1326.946439,669.607325
12/24/2013 5:00,394.762755,1293.975066,719.465362
12/24/2013 6:00,420.718569,1234.721472,799.218976
12/24/2013 7:00,524.351066,1676.438802,956.87521
12/24/2013 8:00,643.195962,1938.417899,1577.548205
12/24/2013 9:00,750.559897,2200.954698,2530.757374
12/24/2013 10:00,772.900599,2485.736691,3355.76935
12/24/2013 11:00,858.850548,2644.183545,4138.642101
12/24/2013 12:00,773.883537,2668.916737,4735.799069
12/24/2013 13:00,746.742233,2609.383171,4950.118007
12/24/2013 14:00,769.923155,2856.002594,4844.183311
12/24/2013 15:00,746.838296,2668.741207,4160.337173
12/24/2013 16:00,718.347061,2747.364986,3991.458521
12/24/2013 17:00,693.003869,2751.37959,3548.466302
12/24/2013 18:00,638.047651,2605.310279,2587.303759
12/24/2013 19:00,685.328084,2251.286928,1651.3345
12/24/2013 20:00,643.994954,2203.659324,1150.073777
12/24/2013 21:00,588.289981,2250.90624,1097.648756
12/24/2013 22:00,554.199317,1925.206983,1279.035844
12/24/2013 23:00,578.647195,1936.734272,1354.442149
12/25/2013 0:00,548.410313,1826.040146,1367.760023
12/25/2013 1:00,499.768212,1599.508348,1006.603842
12/25/2013 2:00,425.032044,1477.057546,745.069189
12/25/2013 3:00,377.461825,1184.550656,697.83562
12/25/2013 4:00,361.951848,1046.485298,703.934184
12/25/2013 5:00,346.773497,915.742978,680.725392
12/25/2013 6:00,356.973559,1037.046025,683.314769
12/25/2013 7:00,361.128964,992.372719,703.29076
12/25/2013 8:00,375.878642,1156.423112,717.807599
12/25/2013 9:00,451.117148,1600.945631,803.307444
12/25/2013 10:00,522.535267,1770.934108,900.192535
12/25/2013 11:00,598.281299,1891.051476,1031.702008
12/25/2013 12:00,643.967276,2706.75767,1178.150944
12/25/2013 13:00,495.330645,1717.090963,1133.949822
12/25/2013 14:00,437.008668,1867.945545,1223.065652
12/25/2013 15:00,480.764345,1780.047951,1541.971334
12/25/2013 16:00,533.443005,1731.101926,1679.757954
12/25/2013 17:00,578.392628,1958.131391,1520.570893
12/25/2013 18:00,569.564583,1974.952706,1270.392087
12/25/2013 19:00,569.578727,2088.76222,1092.787173
12/25/2013 20:00,558.435134,1993.675448,844.908735
12/25/2013 21:00,508.652336,1941.730247,827.615386
12/25/2013 22:00,571.85279,1886.483532,857.948217
12/25/2013 23:00,523.616004,2049.322128,819.332609
12/26/2013 0:00,602.155631,1848.975908,695.752456
12/26/2013 1:00,579.314719,1666.886835,628.379537
12/26/2013 2:00,491.297587,1239.244557,644.462492
12/26/2013 3:00,428.378532,1115.683376,687.819553
12/26/2013 4:00,335.682418,1027.371752,609.982227
12/26/2013 5:00,290.314789,990.370547,593.467778
12/26/2013 6:00,281.942845,948.786958,591.852361
12/26/2013 7:00,310.890493,902.909602,620.353934
12/26/2013 8:00,317.858748,1042.693903,663.778366
12/26/2013 9:00,345.032421,1353.588582,815.026687
12/26/2013 10:00,453.581669,1752.274675,1337.466295
12/26/2013 11:00,475.372241,1739.909927,1779.716716
12/26/2013 12:00,499.839344,1664.286333,2244.985241
12/26/2013 13:00,484.399863,1762.521017,2032.737949
12/26/2013 14:00,482.113929,1938.55785,2322.136155
12/26/2013 15:00,564.265135,1880.893505,2929.534212
12/26/2013 16:00,542.247594,1979.804486,3364.618542
12/26/2013 17:00,496.014805,2107.709215,3409.755862
12/26/2013 18:00,516.904478,2212.45145,2808.020614
12/26/2013 19:00,494.40487,2024.366812,2001.517599
12/26/2013 20:00,531.362461,2020.198153,1644.816298
12/26/2013 21:00,490.58341,2082.846496,1447.029591
12/26/2013 22:00,486.844961,2203.558542,1280.877544
12/26/2013 23:00,440.907949,1916.607483,929.408384
12/27/2013 0:00,452.423841,1888.206497,783.914495
12/27/2013 1:00,390.837409,1748.598655,697.864421
12/27/2013 2:00,358.322142,1839.54939,615.666227
12/27/2013 3:00,337.002946,1208.350418,587.106955
12/27/2013 4:00,341.228362,1022.968616,642.147867
12/27/2013 5:00,324.300374,995.785832,623.076953
12/27/2013 6:00,361.347903,995.334012,616.488517
12/27/2013 7:00,474.103239,1366.867324,821.614741
12/27/2013 8:00,562.112056,1520.406112,1307.931444
12/27/2013 9:00,655.35351,1830.623235,1999.684791
12/27/2013 10:00,739.363101,2105.973844,3082.93995
12/27/2013 11:00,705.627193,2374.191627,5009.294857
12/27/2013 12:00,715.256105,2590.625408,6488.287891
12/27/2013 13:00,672.387639,2452.616221,7065.538633
12/27/2013 14:00,676.645953,2473.501806,6558.38832
12/27/2013 15:00,697.219265,2728.291844,7115.452864
12/27/2013 16:00,716.416403,2667.663227,7448.901926
12/27/2013 17:00,682.193256,2546.529211,6793.657565
12/27/2013 18:00,666.955936,2498.807713,5226.623875
12/27/2013 19:00,613.805575,2356.683206,3141.323434
12/27/2013 20:00,558.882043,2396.097069,1884.059584
12/27/2013 21:00,523.552762,2372.958932,1515.41403
12/27/2013 22:00,548.987137,2491.00474,1244.726306
12/27/2013 23:00,513.981779,2515.796272,982.365315
12/28/2013 0:00,491.311391,2174.052397,822.449166
12/28/2013 1:00,423.076456,2003.432002,758.965299
12/28/2013 2:00,389.500478,1463.887255,687.33021
12/28/2013 3:00,347.267087,1171.673581,650.48694
12/28/2013 4:00,311.064964,1005.099509,658.953298
12/28/2013 5:00,328.45539,1045.270682,650.508966
12/28/2013 6:00,355.346785,982.272625,642.331748
12/28/2013 7:00,350.565961,987.500205,735.142411
12/28/2013 8:00,405.086631,1303.163968,834.057983
12/28/2013 9:00,521.455528,1596.338379,1417.568963
12/28/2013 10:00,582.432381,1833.927556,2456.886939
12/28/2013 11:00,619.717764,2056.302152,4142.641215
12/28/2013 12:00,581.139066,2351.717944,5522.318413
12/28/2013 13:00,598.489789,2185.870795,5798.534057
12/28/2013 14:00,564.58599,2189.632085,5597.565758
12/28/2013 15:00,579.764298,2323.822595,5941.643514
12/28/2013 16:00,593.977157,2445.845893,6314.478047
12/28/2013 17:00,678.730209,2671.812673,6165.459803
12/28/2013 18:00,644.213077,2527.621802,4726.659758
12/28/2013 19:00,607.506411,2417.192531,3660.618937
12/28/2013 20:00,506.144148,2328.534243,2616.797479
12/28/2013 21:00,489.509588,2529.315598,2243.230803
12/28/2013 22:00,538.045591,2521.083037,1774.310282
12/28/2013 23:00,536.834055,2424.6075,1194.531203
12/29/2013 0:00,519.958903,2150.809775,896.023654
12/29/2013 1:00,465.278152,2015.298953,707.793574
12/29/2013 2:00,413.335683,1427.926304,695.391121
12/29/2013 3:00,366.290354,1154.308911,634.075309
12/29/2013 4:00,327.823736,989.69877,652.480617
12/29/2013 5:00,305.788998,956.914821,590.028707
12/29/2013 6:00,298.952814,911.407575,644.860842
12/29/2013 7:00,312.232678,930.508844,676.354837
12/29/2013 8:00,333.631631,1006.169885,774.126902
12/29/2013 9:00,359.206054,1191.019466,1160.193893
12/29/2013 10:00,406.793424,1585.953452,2042.975268
12/29/2013 11:00,514.570972,1934.078201,3127.297583
12/29/2013 12:00,461.563014,2096.591358,3973.589246
12/29/2013 13:00,442.032921,2083.156425,4234.371827
12/29/2013 14:00,477.667385,2020.015661,4904.193297
12/29/2013 15:00,526.425769,2115.127748,5899.018782
12/29/2013 16:00,545.489348,2214.081325,6894.704319
12/29/2013 17:00,562.99498,2225.371642,6793.966492
12/29/2013 18:00,569.281344,2577.934978,5218.957598
12/29/2013 19:00,598.281002,2603.104252,3341.840877
12/29/2013 20:00,593.077912,2736.625263,1961.331291
12/29/2013 21:00,529.878552,2500.557859,1492.356551
12/29/2013 22:00,454.974798,2442.781135,1286.540015
12/29/2013 23:00,447.103891,2155.649072,975.299127
12/30/2013 0:00,429.776441,1769.035599,884.497596
12/30/2013 1:00,363.31162,1441.214313,751.895341
12/30/2013 2:00,314.020823,1229.254471,680.413387
12/30/2013 3:00,299.237052,1106.549824,659.786515
12/30/2013 4:00,294.962992,1044.678554,688.059104
12/30/2013 5:00,311.046975,1035.244494,645.898613
12/30/2013 6:00,347.138363,1144.065681,704.376084
12/30/2013 7:00,406.971022,1256.940008,908.034537
12/30/2013 8:00,566.560705,1544.293879,1434.892267
12/30/2013 9:00,599.781401,1814.34349,2023.386122
12/30/2013 10:00,710.567443,2031.354055,2700.424156
12/30/2013 11:00,716.17517,2264.596829,3764.618389
12/30/2013 12:00,709.583919,2133.6821,5080.29451
12/30/2013 13:00,714.801503,2100.801633,5555.74077
12/30/2013 14:00,730.139955,2046.884075,6182.936673
12/30/2013 15:00,618.725522,2300.681306,6743.66199
12/30/2013 16:00,681.824647,2439.806969,6837.796169
12/30/2013 17:00,679.787723,2623.136142,5974.010267
12/30/2013 18:00,599.524718,2318.543108,4558.690005
12/30/2013 19:00,550.3639,2302.293816,2773.038448
12/30/2013 20:00,504.608945,2347.017644,1691.779328
12/30/2013 21:00,474.529759,2400.132847,1634.422399
12/30/2013 22:00,437.725118,2399.364408,1335.153101
12/30/2013 23:00,438.892942,2118.844338,1048.988211
12/31/2013 0:00,375.181434,1743.693116,820.027447
12/31/2013 1:00,369.232954,1368.752486,784.111396
12/31/2013 2:00,276.305196,1064.851893,758.688323
12/31/2013 3:00,271.412679,962.449348,677.659797
12/31/2013 4:00,240.981802,912.876405,648.541235
12/31/2013 5:00,257.983168,958.722462,648.587
12/31/2013 6:00,283.431964,1008.221826,681.740979
12/31/2013 7:00,355.656322,1083.376417,821.580144
12/31/2013 8:00,468.275751,1364.124676,1377.993208
12/31/2013 9:00,528.716031,1613.744613,1729.780136
12/31/2013 10:00,560.791451,1860.468382,2360.721501
12/31/2013 11:00,589.393922,2175.722348,3594.215225
12/31/2013 12:00,560.568586,2211.911475,4176.127057
12/31/2013 13:00,574.095747,2196.999613,4336.459666
12/31/2013 14:00,589.76102,2072.168498,3765.743502
12/31/2013 15:00,563.296203,2228.683718,3558.903228
12/31/2013 16:00,554.414754,2150.95569,3317.470888
12/31/2013 17:00,536.021035,2322.205676,2619.677158
12/31/2013 18:00,519.460027,2275.000513,2259.326275
12/31/2013 19:00,578.085972,2191.750344,2207.457347
12/31/2013 20:00,596.419763,2419.231226,2597.800963
12/31/2013 21:00,584.238286,2609.336829,3342.376373
12/31/2013 22:00,531.357531,2836.089248,4750.396089
12/31/2013 23:00,564.927006,2815.401985,6873.932113
1/1/2014 0:00,623.906499,2987.912217,9820.408789
1/1/2014 1:00,745.041662,2574.339652,4266.561858
1/1/2014 2:00,749.279139,2198.697227,2679.527893
1/1/2014 3:00,649.488168,1820.735443,2057.043148
1/1/2014 4:00,491.970758,1328.463057,1584.434161
1/1/2014 5:00,375.619762,1122.639556,1064.355463
1/1/2014 6:00,306.493277,1011.924352,830.983284
1/1/2014 7:00,281.032853,882.8126,647.455472
1/1/2014 8:00,264.601301,959.417542,696.483784
1/1/2014 9:00,280.546796,1095.450917,876.477204
1/1/2014 10:00,305.580529,1335.161617,993.873267
1/1/2014 11:00,310.941285,1505.198667,1242.986025
1/1/2014 12:00,426.346269,1515.084409,1497.061996
1/1/2014 13:00,402.368761,1710.044754,1932.583366
1/1/2014 14:00,409.898745,1764.727627,2658.141665
1/1/2014 15:00,383.978906,1997.486376,3467.029707
1/1/2014 16:00,469.390913,2206.943227,4250.952446
1/1/2014 17:00,493.347858,2135.315221,4027.31058
1/1/2014 18:00,457.026616,2175.067185,3706.753806
1/1/2014 19:00,474.043734,2546.243349,2165.298231
1/1/2014 20:00,475.082128,2607.104997,1461.419309
1/1/2014 21:00,487.461586,2615.483362,1188.284812
1/1/2014 22:00,510.135254,2484.542434,981.203768
1/1/2014 23:00,454.30164,2180.802832,821.977505
